ItemName (values actual state),itemid
Acacia Button,acacia_button
Acacia Door,acacia_door
Acacia Fence,acacia_fence
Acacia Fence Gate,acacia_fence_gate
Acacia Hanging Sign,acacia_hanging_sign
Acacia Leaves,acacia_leaves
Acacia Log,acacia_log
Acacia Planks,acacia_planks
Acacia Pressure Plate,acacia_pressure_plate
Acacia Sapling,acacia_sapling
Acacia Shelf,acacia_shelf
Acacia Sign,acacia_sign
Acacia Slab,acacia_slab
Acacia Stairs,acacia_stairs
Acacia Trapdoor,acacia_trapdoor
Acacia Wood,acacia_wood
Activator Rail,activator_rail
Allium,allium
Amethyst Block,Amethyst_block
Amethyst Cluster,amethyst_cluster
Amethyst Shard,amethyst_shard
Ancient Debris,ancient_debris
Andesite,andesite
Andesite Slab,andesite_slab
Andesite Stairs,andesite_stairs
Andesite Wall,andesite_wall
Angler Pottery Sherd,angler_pottery_sherd
Anvil,anvil
Apple,apple
Archer Pottery Sherd,archer_pottery_sherd
Armadillo Scute,armadillo_scute
Armor Stand,armor_stand
Arms Up Pottery Sherd,arms_up_pottery_sherd
Arrow,arrow
Arrow Of Fire Resistance,arrow_of_fire_resistance
Arrow Of Fire Resistance (Long),arrow_of_fire_resistance_long
Arrow Of Harming,arrow_of_harming
Arrow Of Harming (Strong),arrow_of_harming_strong
Arrow Of Healing,arrow_of_healing
Arrow Of Healing (Strong),arrow_of_healing_strong
Arrow Of Infestation,arrow_of_infestation
Arrow Of Invisibility,arrow_of_invisibility
Arrow Of Invisibility (Long),arrow_of_invisibility_long
Arrow Of Leaping,arrow_of_leaping
Arrow Of Leaping (Long),arrow_of_leaping_long
Arrow Of Leaping (Strong),arrow_of_leaping_strong
Arrow Of Night Vision,arrow_of_night_vision
Arrow Of Night Vision (Long),arrow_of_night_vision_long
Arrow Of Oozing,arrow_of_oozing
Arrow Of Poison,arrow_of_poison
Arrow Of Poison (Long),arrow_of_poison_long
Arrow Of Poison (Strong),arrow_of_poison_strong
Arrow Of Regeneration,arrow_of_regeneration
Arrow Of Regeneration (Long),arrow_of_regeneration_long
Arrow Of Regeneration (Strong),arrow_of_regeneration_strong
Arrow Of Slow Falling,arrow_of_slow_falling
Arrow Of Slow Falling (Long),arrow_of_slow_falling_long
Arrow Of Slowness,arrow_of_slowness
Arrow Of Slowness (Long),arrow_of_slowness_long
Arrow Of Slowness (Strong),arrow_of_slowness_strong
Arrow Of Strength,
Arrow Of Strength (Long),
Arrow Of Strength (Strong),
Arrow Of Swiftness,
Arrow Of Swiftness (Long),
Arrow Of Swiftness (Strong),
Arrow Of The Turtle Master,
Arrow Of The Turtle Master (Long),
Arrow Of The Turtle Master (Strong),
Arrow Of Water Breathing,
Arrow Of Water Breathing (Long),
Arrow Of Weakness,
Arrow Of Weakness (Long),
Arrow Of Weaving,
Arrow Of Wind Charging,
Azalea,azalea
Azalea Leaves,azalea_leaves
Azure Bluet,azure_bluet
Baked Potato,baked_potato
Bamboo,bamboo
Bamboo Block,Bamboo_block
Bamboo Button,bamboo_button
Bamboo Door,bamboo_door
Bamboo Fence,bamboo_fence
Bamboo Fence Gate,bamboo_fence_gate
Bamboo Hanging Sign,bamboo_hanging_sign
Bamboo Mosaic,bamboo_mosaic
Bamboo Mosaic Slab,bamboo_mosaic_slab
Bamboo Mosaic Stairs,bamboo_mosaic_stairs
Bamboo Planks,bamboo_planks
Bamboo Pressure Plate,bamboo_pressure_plate
Bamboo Shelf,bamboo_shelf
Bamboo Sign,bamboo_sign
Bamboo Slab,bamboo_slab
Bamboo Stairs,bamboo_stairs
Bamboo Trapdoor,bamboo_trapdoor
Barrel,barrel
Basalt,basalt
Beacon,beacon
Bee Nest,bee_nest
Beehive,beehive
Beetroot,beetroot
Beetroot Seeds,beetroot_seeds
Bell,bell
Big Dripleaf,big_dripleaf
Birch Button,birch_button
Birch Door,birch_door
Birch Fence,birch_fence
Birch Fence Gate,birch_fence_gate
Birch Hanging Sign,birch_hanging_sign
Birch Leaves,birch_leaves
Birch Log,birch_log
Birch Planks,birch_planks
Birch Pressure Plate,birch_pressure_plate
Birch Sapling,birch_sapling
Birch Shelf,birch_shelf
Birch Sign,birch_sign
Birch Slab,birch_slab
Birch Stairs,birch_stairs
Birch Trapdoor,birch_trapdoor
Birch Wood,birch_wood
Black Banner,black_banner
Black Candle,black_candle
Black Carpet,black_carpet
Black Concrete,black_concrete
Black Concrete Powder,black_concrete_powder
Black Dye,black_dye
Black Glazed Terracotta,black_glazed_terracotta
Black Stained Glass,black_stained_glass
Black Stained Glass Pane,black_stained_glass_pane
Black Terracotta,black_terracotta
Black Wool,black_wool
Blackstone,blackstone
Blackstone Slab,blackstone_slab
Blackstone Stairs,blackstone_stairs
Blackstone Wall,blackstone_wall
Blade Pottery Sherd,blade_pottery_sherd
Blast Furnace,blast_furnace
Blaze Powder,blaze_powder
Blaze Rod,blaze_rod
Blue Banner,blue_banner
Blue Candle,blue_candle
Blue Carpet,blue_carpet
Blue Concrete,blue_concrete
Blue Concrete Powder,blue_concrete_powder
Blue Dye,blue_dye
Blue Egg,blue_egg
Blue Glazed Terracotta,blue_glazed_terracotta
Blue Ice,blue_ice
Blue Orchid,blue_orchid
Blue Stained Glass,blue_stained_glass
Blue Stained Glass Pane,blue_stained_glass_pane
Blue Terracotta,blue_terracotta
Blue Wool,blue_wool
Bolt Armor Trim,bolt_armor_trim_smithing_template
Bone,bone
Bone Block,bone_block
Bone Meal,bone_meal
Book,book
Bookshelf,bookshelf
Bottle O' Enchanting,experience_bottle
Bowl,bowl
Brain Coral,brain_coral
Brain Coral Block,brain_coral_block
Brain Coral Fan,brain_coral_fan
Bread,bread
Breeze Rod,breeze_rod
Brewer Pottery Sherd,brewer_pottery_sherd
Brewing Stand,brewing_stand
Brick,brick
Brick Slab,brick_slab
Brick Stairs,brick_stairs
Brick Wall,brick_wall
Bricks,bricks
Brown Banner,brown_banner
Brown Candle,brown_candle
Brown Carpet,brown_carpet
Brown Concrete,brown_concrete
Brown Concrete Powder,brown_concrete_powder
Brown Dye,brown_dye
Brown Egg,brown_egg
Brown Glazed Terracotta,brown_glazed_terracotta
Brown Mushroom,brown_mushroom
Brown Mushroom Block,brown_mushroom_block
Brown Stained Glass,brown_stained_glass
Brown Stained Glass Pane,brown_stained_glass_pane
Brown Terracotta,brown_terracotta
Brown Wool,brown_wool
Bubble Coral,bubble_coral
Bubble Coral Block,bubble_coral_block
Bubble Coral Fan,bubble_coral_fan
Bucket,bucket
Burn Pottery Sherd,burn_pottery_sherd
Bush,bush
Cactus,cactus
Cactus Flower,cactus_flower
Calcite,calcite
Calibrated Sculk Sensor,calibrated_sculk_sensor
Campfire,campfire
Candle,candle
Carrot,carrot
Cartography Table,cartography_table
Carved Pumpkin,carved_pumpkin
Cauldron,cauldron
Chain,chain
Charcoal,charcoal
Cherry Button,cherry_button
Cherry Door,cherry_door
Cherry Fence,cherry_fence
Cherry Fence Gate,cherry_fence_gate
Cherry Hanging Sign,cherry_hanging_sign
Cherry Leaves,cherry_leaves
Cherry Log,cherry_log
Cherry Planks,cherry_planks
Cherry Pressure Plate,cherry_pressure_plate
Cherry Sapling,cherry_sapling
Cherry Shelf,cherry_shelf
Cherry Sign,cherry_sign
Cherry Slab,cherry_slab
Cherry Stairs,cherry_stairs
Cherry Trapdoor,cherry_trapdoor
Cherry Wood,cherry_wood
Chest,chest
Chipped Anvil,chipped_anvil
Chiseled Bookshelf,chiseled_bookshelf
Chiseled Cinnabar,chiseled_cinnabar
Chiseled Copper,chiseled_copper
Chiseled Deepslate,chiseled_deepslate
Chiseled Nether Bricks,chiseled_nether_bricks
Chiseled Polished Blackstone,chiseled_polished_blackstone
Chiseled Quartz Block,chiseled_quartz_block
Chiseled Red Sandstone,chiseled_red_sandstone
Chiseled Resin Bricks,chiseled_resin_bricks
Chiseled Sandstone,chiseled_sandstone
Chiseled Stone Bricks,chiseled_stone_bricks
Chiseled Sulfur,chiseled_sulfur
Chiseled Tuff,chiseled_tuff
Chiseled Tuff Bricks,chiseled_tuff_bricks
Chorus Flower,chorus_flower
Chorus Fruit,chorus_fruit
Cinnabar,cinnabar
Cinnabar Brick Slab,cinnabar_brick_slab
Cinnabar Brick Stairs,cinnabar_brick_stairs
Cinnabar Brick Wall,cinnabar_brick_wall
Cinnabar Bricks,cinnabar_bricks
Cinnabar Slab,cinnabar_slab
Cinnabar Stairs,cinnabar_stairs
Cinnabar Wall,cinnabar_wall
Clay,clay
Clay Ball,clay_ball
Clock,clock
Coal,coal
Coal Block,Coal_block
Coal Ore,coal_ore
Coarse Dirt,coarse_dirt
Coast Armor Trim,coast_armor_trim_smithing_template
Cobbled Deepslate,cobbled_deepslate
Cobbled Deepslate Slab,cobbled_deepslate_slab
Cobbled Deepslate Stairs,cobbled_deepslate_stairs
Cobbled Deepslate Wall,cobbled_deepslate_wall
Cobblestone,cobblestone
Cobblestone Slab,cobblestone_slab
Cobblestone Stairs,cobblestone_stairs
Cobblestone Wall,cobblestone_wall
Cobweb,cobweb
Closed Eyeblossom,closed_eyeblossom
Cocoa Beans,cocoa_beans
Compass,compass
Composter,composter
Conduit,conduit
Cooked Chicken,cooked_chicken
Cooked Cod,cooked_cod
Cooked Mutton,cooked_mutton
Cooked Porkchop,cooked_porkchop
Cooked Rabbit,cooked_rabbit
Cooked Salmon,cooked_salmon
Cookie,cookie
Copper Bars,copper_bars
Copper Block,Copper_block
Copper Bulb,copper_bulb
Copper Chain,copper_chain
Copper Chest,copper_chest
Copper Door,copper_door
Copper Grate,copper_grate
Copper ingot,copper_ingot
Copper Lantern,copper_lantern
Copper Nugget,copper_nugget
Copper Ore,copper_ore
Copper Torch,copper_torch
Copper Trapdoor,copper_trapdoor
Cornflower,cornflower
Cracked Deepslate Bricks,cracked_deepslate_bricks
Cracked Deepslate Tiles,cracked_deepslate_tiles
Cracked Nether Bricks,cracked_nether_bricks
Cracked Polished Blackstone Bricks,cracked_polished_blackstone_bricks
Cracked Stone Bricks,cracked_stone_bricks
Crafter,crafter
Crafting Table,crafting_table
Creaking Heart,creaking_heart
Creeper Head,creeper_head
Crimson Button,crimson_button
Crimson Door,crimson_door
Crimson Fence,crimson_fence
Crimson Fence Gate,crimson_fence_gate
Crimson Fungus,crimson_fungus
Crimson Hanging Sign,crimson_hanging_sign
Crimson Hyphae,crimson_hyphae
Crimson Nylium,crimson_nylium
Crimson Planks,crimson_planks
Crimson Pressure Plate,crimson_pressure_plate
Crimson Roots,crimson_roots
Crimson Shelf,crimson_shelf
Crimson Sign,crimson_sign
Crimson Slab,crimson_slab
Crimson Stairs,crimson_stairs
Crimson Stem,crimson_stem
Crimson Trapdoor,crimson_trapdoor
Crying Obsidian,crying_obsidian
Cut Copper,cut_copper
Cut Copper Slab,cut_copper_slab
Cut Copper Stairs,cut_copper_stairs
Cut Red Sandstone,cut_red_sandstone
Cut Red Sandstone Slab,cut_red_sandstone_slab
Cut Sandstone,cut_sandstone
Cut Sandstone Slab,cut_sandstone_slab
Cyan Banner,cyan_banner
Cyan Candle,cyan_candle
Cyan Carpet,cyan_carpet
Cyan Concrete,cyan_concrete
Cyan Concrete Powder,cyan_concrete_powder
Cyan Dye,cyan_dye
Cyan Glazed Terracotta,cyan_glazed_terracotta
Cyan Stained Glass,cyan_stained_glass
Cyan Stained Glass Pane,cyan_stained_glass_pane
Cyan Terracotta,cyan_terracotta
Cyan Wool,cyan_wool
Damaged Anvil,damaged_anvil
Dandelion,dandelion
Danger Pottery Sherd,danger_pottery_sherd
Dark Oak Button,dark_oak_button
Dark Oak Door,dark_oak_door
Dark Oak Fence,dark_oak_fence
Dark Oak Fence Gate,dark_oak_fence_gate
Dark Oak Hanging Sign,dark_oak_hanging_sign
Dark Oak Leaves,dark_oak_leaves
Dark Oak Log,dark_oak_log
Dark Oak Planks,dark_oak_planks
Dark Oak Pressure Plate,dark_oak_pressure_plate
Dark Oak Sapling,dark_oak_sapling
Dark Oak Shelf,dark_oak_shelf
Dark Oak Sign,dark_oak_sign
Dark Oak Slab,dark_oak_slab
Dark Oak Stairs,dark_oak_stairs
Dark Oak Trapdoor,dark_oak_trapdoor
Dark Oak Wood,dark_oak_wood
Dark Prismarine,dark_prismarine
Dark Prismarine Slab,dark_prismarine_slab
Dark Prismarine Stairs,dark_prismarine_stairs
Daylight Detector,daylight_detector
Dead Brain Coral,dead_brain_coral
Dead Brain Coral Block,dead_brain_coral_block
Dead Brain Coral Fan,dead_brain_coral_fan
Dead Bubble Coral,dead_bubble_coral
Dead Bubble Coral Block,dead_bubble_coral_block
Dead Bubble Coral Fan,dead_bubble_coral_fan
Dead Bush,dead_bush
Dead Fire Coral,dead_fire_coral
Dead Fire Coral Block,dead_fire_coral_block
Dead Fire Coral Fan,dead_fire_coral_fan
Dead Horn Coral,dead_horn_coral
Dead Horn Coral Block,dead_horn_coral_block
Dead Horn Coral Fan,dead_horn_coral_fan
Dead Tube Coral,dead_tube_coral
Dead Tube Coral Block,dead_tube_coral_block
Dead Tube Coral Fan,dead_tube_coral_fan
Decorated Pot,decorated_pot
Deepslate,deepslate
Deepslate Brick Slab,deepslate_brick_slab
Deepslate Brick Stairs,deepslate_brick_stairs
Deepslate Brick Wall,deepslate_brick_wall
Deepslate Bricks,deepslate_bricks
Deepslate Coal Ore,deepslate_coal_ore
Deepslate Copper Ore,deepslate_copper_ore
Deepslate Diamond Ore,deepslate_diamond_ore
Deepslate Emerald Ore,deepslate_emerald_ore
Deepslate Gold Ore,deepslate_gold_ore
Deepslate Iron Ore,deepslate_iron_ore
Deepslate Lapis Ore,deepslate_lapis_ore
Deepslate Redstone Ore,deepslate_redstone_ore
Deepslate Tile Slab,deepslate_tile_slab
Deepslate Tile Stairs,deepslate_tile_stairs
Deepslate Tile Wall,deepslate_tile_wall
Deepslate Tiles,deepslate_tiles
Detector Rail,detector_rail
Diamond,diamond
Diamond Block,Diamond_block
Diamond Ore,diamond_ore
Diorite,diorite
Diorite Slab,diorite_slab
Diorite Stairs,diorite_stairs
Diorite Wall,diorite_wall
Dirt,dirt
Dirt Path,dirt path
Disc Fragment,disc_fragment
Dispenser,dispenser
Dragon Breath,dragon_breath
Dragon Egg,dragon_egg
Dragon Head,dragon_head
Dried Ghast,dried_ghast
Dried Kelp,dried_kelp
Dried Kelp Block,dried_kelp_block
Dripstone Block,dripstone_block
Dropper,dropper
Dune Armor Trim,dune_armor_trim_smithing_template
Echo Shard,echo_shard
Egg,egg
Emerald,emerald
Emerald Block,Emerald_block
Emerald Ore,emerald_ore
Empty Locator Map,
Empty Map,empty_map
Enchanted Golden Apple,enchanted_golden_apple
Enchanting Table,enchanting_table
End Crystal,end_crystal
End Rod,end_rod
End Stone,end_stone
End Stone Brick Slab,end_stone_brick_slab
End Stone Brick Stairs,end_stone_brick_stairs
End Stone Brick Wall,end_stone_brick_wall
End Stone Bricks,end_stone_bricks
Ender Chest,ender_chest
Ender Pearl,ender_pearl
Explorer Pottery Sherd,explorer_pottery_sherd
Exposed Chiseled Copper,exposed_chiseled_copper
Exposed Copper,exposed_copper
Exposed Copper Bars,exposed_copper_bars
Exposed Copper Bulb,exposed_copper_bulb
Exposed Copper Chain,exposed_copper_chain
Exposed Copper Chest,exposed_copper_chest
Exposed Copper Door,exposed_copper_door
Exposed Copper Grate,exposed_copper_grate
Exposed Copper Lantern,exposed_copper_lantern
Exposed Copper Trapdoor,exposed_copper_trapdoor
Exposed Cut Copper,exposed_cut_copper
Exposed Cut Copper Slab,exposed_cut_copper_slab
Exposed Cut Copper Stairs,exposed_cut_copper_stairs
Exposed Lightning Rod,exposed_lightning_rod
Eye Armor Trim,eye_armor_trim_smithing_template
Eye Of Ender,ender_eye
Feather,feather
Fermented Spider Eye,fermented_spider_eye
Fern,fern
Fire Charge,fire_charge
Fire Coral,fire_coral
Fire Coral Block,fire_coral_block
Fire Coral Fan,fire_coral_fan
Firefly Bush,firefly_bush
Firework Rocket (Flight Duration: 1),firework_rocket_1
Firework Rocket (Flight Duration: 2),firework_rocket_2
Firework Rocket (Flight Duration: 3),firework_rocket_3
Firework Star,firework_star
Fletching Table,fletching_table
Flint,flint
Flow Armor Trim,flow_armor_trim_smithing_template
Flow Pottery Sherd,flow_pottery_sherd
Flower Pot,flower_pot
Flowering Azalea,flowering_azalea
Flowering Azalea Leaves,flowering_azalea_leaves
Friend Pottery Sherd,friend_pottery_sherd
Frogspawn,
Furnace,furnace
Ghast Tear,ghast_tear
Gilded Blackstone,gilded_blackstone
Glass,glass
Glass Bottle,glass_bottle
Glass Pane,glass_pane
Glistering Melon Slice,glistering_melon_slice
Glow Berries,glow_berries
Glow Ink Sac,glow_ink_sac
Glow Item Frame,glow_item_frame
Glow Lichen,glow_lichen
Glowstone,glowstone
Glowstone Dust,glowstone_dust
Gold Block,Gold_block
Gold Ingot,gold_ingot
Gold Nugget,gold_nugget
Gold Ore,gold_ore
Golden Apple,golden_apple
Golden Carrot,golden_carrot
Golden Dandelion,golden_dandelion
Granite,granite
Granite Slab,granite_slab
Granite Stairs,granite_stairs
Granite Wall,granite_wall
Grass Block,grass_block
Gravel,gravel
Gray Banner,gray_banner
Gray Candle,gray_candle
Gray Carpet,gray_carpet
Gray Concrete,gray_concrete
Gray Concrete Powder,gray_concrete_powder
Gray Dye,gray_dye
Gray Glazed Terracotta,gray_glazed_terracotta
Gray Stained Glass,gray_stained_glass
Gray Stained Glass Pane,gray_stained_glass_pane
Gray Terracotta,gray_terracotta
Gray Wool,gray_wool
Green Banner,green_banner
Green Candle,green_candle
Green Carpet,green_carpet
Green Concrete,green_concrete
Green Concrete Powder,green_concrete_powder
Green Dye,green_dye
Green Glazed Terracotta,green_glazed_terracotta
Green Stained Glass,green_stained_glass
Green Stained Glass Pane,green_stained_glass_pane
Green Terracotta,green_terracotta
Green Wool,green_wool
Grindstone,grindstone
Gunpowder,gunpowder
Guster Pottery Sherd,guster_pottery_sherd
Hanging Roots,hanging_roots
Hay Bale,
Heart Of The Sea,heart_of_the_sea
Heart Pottery Sherd,heart_pottery_sherd
Heartbreak Pottery Sherd,heartbreak_pottery_sherd
Heavy Core,heavy_core
Heavy Weighted Pressure Plate,heavy_weighted_pressure_plate
Honey Block,honey_block
Honey Bottle,honey_bottle
Honeycomb,honeycomb
Honeycomb Block,honeycomb_block
Hopper,hopper
Horn Coral,horn_coral
Horn Coral Block,horn_coral_block
Horn Coral Fan,horn_coral_fan
Host Armor Trim,host_armor_trim_smithing_template
Howl Pottery Sherd,howl_pottery_sherd
Ice,ice
Ink Sac,ink_sac
Iron Bars,iron_bars
Iron Block,Iron_block
Iron Door,iron_door
Iron Ingot,iron_ingot
Iron Nugget,iron_nugget
Iron Ore,iron_ore
Iron Trapdoor,iron_trapdoor
Item Frame,item_frame
Jack O' Lantern,jack_o_lantern
Jukebox,jukebox
Jungle Button,jungle_button
Jungle Door,jungle_door
Jungle Fence,jungle_fence
Jungle Fence Gate,jungle_fence_gate
Jungle Hanging Sign,jungle_hanging_sign
Jungle Leaves,jungle_leaves
Jungle Log,jungle_log
Jungle Planks,jungle_planks
Jungle Pressure Plate,jungle_pressure_plate
Jungle Sapling,jungle_sapling
Jungle Shelf,jungle_shelf
Jungle Sign,jungle_sign
Jungle Slab,jungle_slab
Jungle Stairs,jungle_stairs
Jungle Trapdoor,jungle_trapdoor
Jungle Wood,jungle_wood
Kelp,kelp
Ladder,ladder
Lantern,lantern
Lapis Block,Lapis_block
Lapis Lazuli,lapis_lazuli
Lapis Lazuli Ore,lapis_ore
Large Amethyst Bud,large_amethyst_bud
Large Fern,large_fern
Lead,lead
Leaf Litter,leaf_litter
Leather,leather
Lectern,lectern
Lever,lever
Light Blue Banner,light_blue_banner
Light Blue Candle,light_blue_candle
Light Blue Carpet,light_blue_carpet
Light Blue Concrete,light_blue_concrete
Light Blue Concrete Powder,light_blue_concrete_powder
Light Blue Dye,light_blue_dye
Light Blue Glazed Terracotta,light_blue_glazed_terracotta
Light Blue Stained Glass,light_blue_stained_glass
Light Blue Stained Glass Pane,light_blue_stained_glass_pane
Light Blue Terracotta,light_blue_terracotta
Light Blue Wool,light_blue_wool
Light Gray Banner,light_gray_banner
Light Gray Candle,light_gray_candle
Light Gray Carpet,light_gray_carpet
Light Gray Concrete,light_gray_concrete
Light Gray Concrete Powder,light_gray_concrete_powder
Light Gray Dye,light_gray_dye
Light Gray Glazed Terracotta,light_gray_glazed_terracotta
Light Gray Stained Glass,light_gray_stained_glass
Light Gray Stained Glass Pane,light_gray_stained_glass_pane
Light Gray Terracotta,light_gray_terracotta
Light Gray Wool,light_gray_wool
Light Weighted Pressure Plate,light_weighted_pressure_plate
Lightning Rod,lightning_rod
Lilac,lilac
Lily Of The Valley,lily_of_the_valley
Lily Pad,lily_pad
Lime Banner,lime_banner
Lime Candle,lime_candle
Lime Carpet,lime_carpet
Lime Concrete,lime_concrete
Lime Concrete Powder,lime_concrete_powder
Lime Dye,lime_dye
Lime Glazed Terracotta,lime_glazed_terracotta
Lime Stained Glass,lime_stained_glass
Lime Stained Glass Pane,lime_stained_glass_pane
Lime Terracotta,lime_terracotta
Lime Wool,lime_wool
Lodestone,lodestone
Loom,loom
Magenta Banner,magenta_banner
Magenta Candle,magenta_candle
Magenta Carpet,magenta_carpet
Magenta Concrete,magenta_concrete
Magenta Concrete Powder,magenta_concrete_powder
Magenta Dye,magenta_dye
Magenta Glazed Terracotta,magenta_glazed_terracotta
Magenta Stained Glass,magenta_stained_glass
Magenta Stained Glass Pane,magenta_stained_glass_pane
Magenta Terracotta,magenta_terracotta
Magenta Wool,magenta_wool
Magma Block,magma_block
Magma Cream,magma_cream
Mangrove Button,mangrove_button
Mangrove Door,mangrove_door
Mangrove Fence,mangrove_fence
Mangrove Gate,mangrove_fence_gate
Mangrove Hanging Sign,mangrove_hanging_sign
Mangrove Leaves,mangrove_leaves
Mangrove Log,mangrove_log
Mangrove Planks,mangrove_planks
Mangrove Pressure Plate,mangrove_pressure_plate
Mangrove Propagule,mangrove_propagule
Mangrove Roots,mangrove_roots
Mangrove Shelf,mangrove_shelf
Mangrove Sign,mangrove_sign
Mangrove Slab,mangrove_slab
Mangrove Stairs,mangrove_stairs
Mangrove Trapdoor,mangrove_trapdoor
Mangrove Wood,mangrove_wood
Medium Amethyst Bud,medium_amethyst_bud
Melon,melon_block
Melon Seeds,melon_seeds
Melon Slice,melon_slice
Miner Pottery Sherd,miner_pottery_sherd
Moss Block,moss_block
Moss Carpet,moss_carpet
Mossy Cobblestone,mossy_cobblestone
Mossy Cobblestone Slab,mossy_cobblestone_slab
Mossy Cobblestone Stairs,mossy_cobblestone_stairs
Mossy Cobblestone Wall,mossy_cobblestone_wall
Mossy Stone Brick Slab,mossy_stone_brick_slab
Mossy Stone Brick Stairs,mossy_stone_brick_stairs
Mossy Stone Brick Wall,mossy_stone_brick_wall
Mossy Stone Bricks,mossy_stone_bricks
Mourner Pottery Sherd,mourner_pottery_sherd
Mud,mud
Mud Brick Slab,mud_brick_slab
Mud Brick Stairs,mud_brick_stairs
Mud Brick Wall,mud_brick_wall
Mud Bricks,mud_bricks
Muddy Mangrove Roots,muddy_mangrove_roots
Mushroom Stem,mushroom_stem
Mycelium,mycelium
Nametag,name_tag
Nautilus Shell,nautilus_shell
Nether Brick,
Nether Brick Fence,nether_brick_fence
Nether Brick Slab,nether_brick_slab
Nether Brick Stairs,nether_brick_stairs
Nether Brick Wall,nether_brick_wall
Nether Bricks,nether_bricks
Nether Gold Ore,nether_gold_ore
Nether Quartz,
Nether Quartz Ore,nether_quartz_ore
Nether Sprouts,nether_sprouts
Nether Star,nether_star
Nether Wart,nether_wart
Nether Wart Block,nether_wart_block
Netherite Block,Netherite_block
Netherite Ingot,netherite_ingot
Netherite Scrap,netherite_scrap
Netherite Upgrade,netherite_upgrade_smithing_template
Netherrack,netherrack
Note Block,note_block
Oak Button,oak_button
Oak Door,oak_door
Oak Fence,oak_fence
Oak Fence Gate,oak_fence_gate
Oak Hanging Sign,oak_hanging_sign
Oak Leaves,oak_leaves
Oak Log,oak_log
Oak Planks,oak_planks
Oak Pressure Plate,oak_pressure_plate
Oak Sapling,oak_sapling
Oak Shelf,oak_shelf
Oak Sign,oak_sign
Oak Slab,oak_slab
Oak Stairs,oak_stairs
Oak Trapdoor,oak_trapdoor
Oak Wood,oak_wood
Observer,observer
Obsidian,obsidian
Ochre Froglight,ochre_froglight
Ominous Banner,
Ominous Bottle Bad Omen I,
Ominous Bottle Bad Omen II,
Ominous Bottle Bad Omen III,
Ominous Bottle Bad Omen IV,
Ominous Bottle Bad Omen V,
Ominous Trial Key,
Orange Banner,orange_banner
Orange Candle,orange_candle
Orange Carpet,orange_carpet
Orange Concrete,orange_concrete
Orange Concrete Powder,orange_concrete_powder
Orange Dye,orange_dye
Orange Glazed Terracotta,orange_glazed_terracotta
Orange Poplar Leaves,orange_poplar_leaves
Orange Stained Glass,orange_stained_glass
Orange Stained Glass Pane,orange_stained_glass_pane
Orange Terracotta,orange_terracotta
Orange Tulip,orange_tulip
Orange Wool,orange_wool
Open Eyeblossom,open_eyeblossom
Oxeye Daisy,oxeye_daisy
Oxidized Chiseled Copper,oxidized_chiseled_copper
Oxidized Copper,oxidized_copper
Oxidized Copper Bars,oxidized_copper_bars
Oxidized Copper Bulb,oxidized_copper_bulb
Oxidized Copper Chain,oxidized_copper_chain
Oxidized Copper Chest,oxidized_copper_chest
Oxidized Copper Door,oxidized_copper_door
Oxidized Copper Grate,oxidized_copper_grate
Oxidized Copper Lantern,oxidized_copper_lantern
Oxidized Copper Trapdoor,oxidized_copper_trapdoor
Oxidized Cut Copper,oxidized_cut_copper
Oxidized Cut Copper Slab,oxidized_cut_copper_slab
Oxidized Cut Copper Stairs,oxidized_cut_copper_stairs
Oxidized Lightning Rod,oxidized_lightning_rod
Packed Ice,packed_ice
Packed Mud,packed_mud
Painting (Random variant),painting
Pale Hanging Moss,pale_hanging_moss
Pale Moss Block,pale_moss_block
Pale Moss Carpet,pale_moss_carpet
Pale Oak Button,pale_oak_button
Pale Oak Door,pale_oak_door
Pale Oak Fence,pale_oak_fence
Pale Oak Fence Gate,pale_oak_fence_gate
Pale Oak Hanging Sign,pale_oak_hanging_sign
Pale Oak Leaves,pale_oak_leaves
Pale Oak Log,pale_oak_log
Pale Oak Planks,pale_oak_planks
Pale Oak Pressure Plate,pale_oak_pressure_plate
Pale Oak Sapling,pale_oak_sapling
Pale Oak Shelf,pale_oak_shelf
Pale Oak Sign,pale_oak_sign
Pale Oak Slab,pale_oak_slab
Pale Oak Stairs,pale_oak_stairs
Pale Oak Trapdoor,pale_oak_trapdoor
Pale Oak Wood,pale_oak_wood
Paper,paper
Pearlescent Froglight,pearlescent_froglight
Peony,peony
Phantom Membrane,phantom_membrane
Piglin Head,piglin_head
Pink Banner,pink_banner
Pink Candle,pink_candle
Pink Carpet,pink_carpet
Pink Concrete,pink_concrete
Pink Concrete Powder,pink_concrete_powder
Pink Dye,pink_dye
Pink Glazed Terracotta,pink_glazed_terracotta
Pink Petals,pink_petals
Pink Stained Glass,pink_stained_glass
Pink Stained Glass Pane,pink_stained_glass_pane
Pink Terracotta,pink_terracotta
Pink Tulip,pink_tulip
Pink Wool,pink_wool
Piston,piston
Pitcher Plant,pitcher_plant
Pitcher Pod,pitcher_pod
Plenty Pottery Sherd,plenty_pottery_sherd
Podzol,podzol
Pointed Dripstone,pointed_dripstone
Poisonous Potato,poisonous_potato
Polished Andesite,polished_andesite
Polished Andesite Slab,polished_andesite_slab
Polished Andesite Stairs,polished_andesite_stairs
Polished Basalt,polished_basalt
Polished Blackstone,polished_blackstone
Polished Blackstone Brick Slab,polished_blackstone_brick_slab
Polished Blackstone Brick Stairs,polished_blackstone_brick_stairs
Polished Blackstone Brick Wall,polished_blackstone_brick_wall
Polished Blackstone Bricks,polished_blackstone_bricks
Polished Blackstone Button,polished_blackstone_button
Polished Blackstone Pressure Plate,polished_blackstone_pressure_plate
Polished Blackstone Slab,polished_blackstone_slab
Polished Blackstone Stairs,polished_blackstone_stairs
Polished Blackstone Wall,polished_blackstone_wall
Polished Cinnabar,polished_cinnabar
Polished Cinnabar Slab,polished_cinnabar_slab
Polished Cinnabar Stairs,polished_cinnabar_stairs
Polished Cinnabar Wall,polished_cinnabar_wall
Polished Deepslate,polished_deepslate
Polished Deepslate Slab,polished_deepslate_slab
Polished Deepslate Stairs,polished_deepslate_stairs
Polished Deepslate Wall,polished_deepslate_wall
Polished Diorite,polished_diorite
Polished Diorite Slab,polished_diorite_slab
Polished Diorite Stairs,polished_diorite_stairs
Polished Granite,polished_granite
Polished Granite Slab,polished_granite_slab
Polished Granite Stairs,polished_granite_stairs
Polished Sulfur,polished_sulfur
Polished Sulfur Slab,polished_sulfur_slab
Polished Sulfur Stairs,polished_sulfur_stairs
Polished Sulfur Wall,polished_sulfur_wall
Polished Tuff,polished_tuff
Polished Tuff Slab,polished_tuff_slab
Polished Tuff Stairs,polished_tuff_stairs
Polished Tuff Wall,polished_tuff_wall
Poplar Button,poplar_button
Poplar Door,poplar_door
Poplar Fence,poplar_fence
Poplar Fence Gate,poplar_fence_gate
Poplar Hanging Sign,poplar_hanging_sign
Poplar Log,poplar_log
Poplar Planks,poplar_planks
Poplar Pressure Plate,poplar_pressure_plate
Poplar Sapling,poplar_sapling
Poplar Shelf,poplar_shelf
Poplar Sign,poplar_sign
Poplar Slab,poplar_slab
Poplar Stairs,poplar_stairs
Poplar Trapdoor,poplar_trapdoor
Poplar Wood,poplar_wood
Popped Chorus Fruit,popped_chorus_fruit
Poppy,poppy
Potato,potato
Potent Sulfur,potent_sulfur
Powered Rail,powered_rail
Prismarine,prismarine
Prismarine Brick Slab,prismarine_brick_slab
Prismarine Brick Stairs,prismarine_brick_stairs
Prismarine Bricks,prismarine_bricks
Prismarine Crystals,prismarine_crystals
Prismarine Shard,prismarine_shard
Prismarine Slab,prismarine_slab
Prismarine Stairs,prismarine_stairs
Prismarine Wall,prismarine_wall
Prize Pottery Sherd,prize_pottery_sherd
Pufferfish,pufferfish
Pumpkin,pumpkin
Pumpkin Pie,pumpkin_pie
Pumpkin Seeds,pumpkin_seeds
Purple Banner,purple_banner
Purple Candle,purple_candle
Purple Carpet,purple_carpet
Purple Concrete,purple_concrete
Purple Concrete Powder,purple_concrete_powder
Purple Dye,purple_dye
Purple Glazed Terracotta,purple_glazed_terracotta
Purple Stained Glass,purple_stained_glass
Purple Stained Glass Pane,purple_stained_glass_pane
Purple Terracotta,purple_terracotta
Purple Wool,purple_wool
Purpur Block,purpur_block
Purpur Pillar,purpur_pillar
Purpur Slab,purpur_slab
Purpur Stairs,purpur_stairs
Quartz Block,Quartz_block
Quartz Bricks,quartz_bricks
Quartz Pillar,quartz_pillar
Quartz Slab,quartz_slab
Quartz Stairs,quartz_stairs
Rabbit Hide,rabbit_hide
Rabbit's Foot,rabbit_foot
Rail,rail
Raiser Armor Trim,raiser_armor_trim_smithing_template
Raw Beef,
Raw Chicken,
Raw Cod,
Raw Copper,raw_copper
Raw Copper Block,Raw_Copper_block
Raw Gold,raw_gold
Raw Gold Block,Raw_Gold_block
Raw Iron,raw_iron
Raw Iron Block,Raw_Iron_block
Raw Mutton,
Raw Porkchop,
Raw Rabbit,
Raw Salmon,
Recovery Compass,recovery_compass
Red Banner,red_banner
Red Candle,red_candle
Red Carpet,red_carpet
Red Concrete,red_concrete
Red Concrete Powder,red_concrete_powder
Red Dye,red_dye
Red Glazed Terracotta,red_glazed_terracotta
Red Mushroom,red_mushroom
Red Mushroom Block,red_mushroom_block
Red Nether Brick Slab,red_nether_brick_slab
Red Nether Brick Stairs,red_nether_brick_stairs
Red Nether Brick Wall,red_nether_brick_wall
Red Nether Bricks,red_nether_bricks
Red Poplar Leaves,red_poplar_leaves
Red Sand,red_sand
Red Sandstone,red_sandstone
Red Sandstone Slab,red_sandstone_slab
Red Sandstone Stairs,red_sandstone_stairs
Red Sandstone Wall,red_sandstone_wall
Red Stained Glass,red_stained_glass
Red Stained Glass Pane,red_stained_glass_pane
Red Terracotta,red_terracotta
Red Tulip,red_tulip
Red Wool,red_wool
Redstone Block,Redstone_block
Redstone Comparator,
Redstone Dust,
Redstone Lamp,redstone_lamp
Redstone Ore,redstone_ore
Redstone Repeater,
Redstone Torch,redstone_torch
Resin Block,resin_block
Resin Brick,resin_brick
Resin Brick Slab,resin_brick_slab
Resin Brick Stairs,resin_brick_stairs
Resin Brick Wall,resin_brick_wall
Resin Bricks,resin_bricks
Resin Clump,resin_clump
Respawn Anchor,respawn_anchor
Rib Armor Trim,rib_armor_trim_smithing_template
Rooted Dirt,rooted_dirt
Rose Bush,rose_bush
Rotten Flesh,rotten_flesh
Sand,sand
Sandstone,sandstone
Sandstone Slab,sandstone_slab
Sandstone Stairs,sandstone_stairs
Sandstone Wall,sandstone_wall
Scaffolding,scaffolding
Scrape Pottery Sherd,scrape_pottery_sherd
Sculk,sculk
Sculk Catalyst,sculk_catalyst
Sculk Sensor,sculk_sensor
Sculk Shrieker,sculk_shrieker
Sculk Vein,sculk_vein
Scute,scute
Sea Lantern,sea_lantern
Sea Pickle,sea_pickle
Seagrass,seagrass
Sentry Armor Trim,sentry_armor_trim_smithing_template
Shaper Armor Trim,shaper_armor_trim_smithing_template
Sheaf Pottery Sherd,sheaf_pottery_sherd
Shelter Pottery Sherd,shelter_pottery_sherd
Short Grass,short_grass
Shroomlight,shroomlight
Shulker Shell,shulker_shell
Silence Armor Trim,silence_armor_trim_smithing_template
Skeleton Skull,skeleton_skull
Skull Pottery Sherd,skull_pottery_sherd
Slime Ball,slime_ball
Slime Block,slime_block
Small Amethyst Bud,small_amethyst_bud
Small Dripleaf,small_dripleaf
Smithing Table,smithing_table
Smoker,smoker
Smooth Basalt,smooth_basalt
Smooth Quartz,smooth_quartz
Smooth Quartz Slab,smooth_quartz_slab
Smooth Quartz Stairs,smooth_quartz_stairs
Smooth Red Sandstone,smooth_red_sandstone
Smooth Red Sandstone Slab,smooth_red_sandstone_slab
Smooth Red Sandstone Stairs,smooth_red_sandstone_stairs
Smooth Sandstone,smooth_sandstone
Smooth Sandstone Slab,smooth_sandstone_slab
Smooth Sandstone Stairs,smooth_sandstone_stairs
Smooth Stone,smooth_stone
Smooth Stone Slab,smooth_stone_slab
Sniffer Egg,sniffer_egg
Snort Pottery Sherd,snort_pottery_sherd
Snout Armor Trim,snout_armor_trim_smithing_template
Snow,snow_layer
Snow Block,snow_block
Snowball,snowball
Soul Campfire,soul_campfire
Soul Lantern,soul_lantern
Soul Sand,soul_sand
Soul Soil,soul_soil
Soul Torch,soul_torch
Spider Eye,spider_eye
Spire Armor Trim,spire_armor_trim_smithing_template
Sponge,sponge
Spore Blossom,spore_blossom
Spruce Button,spruce_button
Spruce Door,spruce_door
Spruce Fence,spruce_fence
Spruce Fence Gate,spruce_fence_gate
Spruce Hanging Sign,spruce_hanging_sign
Spruce Leaves,spruce_leaves
Spruce Log,spruce_log
Spruce Planks,spruce_planks
Spruce Pressure Plate,spruce_pressure_plate
Spruce Sapling,spruce_sapling
Spruce Shelf,spruce_shelf
Spruce Sign,spruce_sign
Spruce Slab,spruce_slab
Spruce Stairs,spruce_stairs
Spruce Trapdoor,spruce_trapdoor
Spruce Wood,spruce_wood
,
Steak,steak
Stick,stick
Sticky Piston,sticky_piston
Stone,stone
Stone Brick Slab,stone_brick_slab
Stone Brick Stairs,stone_brick_stairs
Stone Brick Wall,stone_brick_wall
Stone Bricks,stone_bricks
Stone Button,stone_button
Stone Pressure Plate,stone_pressure_plate
Stone Slab,stone_slab
Stone Stairs,stone_stairs
Stonecutter,stonecutter
String,string
Stripped Acacia Log,stripped_acacia_log
Stripped Acacia Wood,stripped_acacia_wood
Stripped Bamboo Block,Stripped_Bamboo_block
Stripped Birch Log,stripped_birch_log
Stripped Birch Wood,stripped_birch_wood
Stripped Cherry Log,stripped_cherry_log
Stripped Cherry Wood,stripped_cherry_wood
Stripped Crimson Hyphae,stripped_crimson_hyphae
Stripped Crimson Stem,stripped_crimson_stem
Stripped Dark Oak Log,stripped_dark_oak_log
Stripped Dark Oak Wood,stripped_dark_oak_wood
Stripped Jungle Log,stripped_jungle_log
Stripped Jungle Wood,stripped_jungle_wood
Stripped Mangrove Log,stripped_mangrove_log
Stripped Mangrove Wood,stripped_mangrove_wood
Stripped Oak Log,stripped_oak_log
Stripped Oak Wood,stripped_oak_wood
Stripped Pale Oak Log,stripped_pale_oak_log
Stripped Pale Oak Wood,stripped_pale_oak_wood
Stripped Poplar Log,stripped_poplar_log
Stripped Poplar Wood,stripped_poplar_wood
Stripped Spruce Log,stripped_spruce_log
Stripped Spruce Wood,stripped_spruce_wood
Stripped Warped Hyphae,stripped_warped_hyphae
Stripped Warped Stem,stripped_warped_stem
Sugar,sugar
Sugarcane,sugar_cane
Sulfur,sulfur
Sulfur Brick Slab,sulfur_brick_slab
Sulfur Brick Stairs,sulfur_brick_stairs
Sulfur Brick Wall,sulfur_brick_wall
Sulfur Bricks,sulfur_bricks
Sulfur Cube Bucket,sulfur_cube_bucket
Sulfur Slab,sulfur_slab
Sulfur Spike,sulfur_spike
Sulfur Stairs,sulfur_stairs
Sulfur Wall,sulfur_wall
Sunflower,sunflower
Suspicious Gravel,suspicious_gravel
Suspicious Sand,suspicious_sand
Sweet Berries,sweet_berries
Tall Grass,tall_grass
Target,target
Terracotta,terracotta
Tide Armor Trim,tide_armor_trim_smithing_template
Tinted Glass,tinted_glass
TNT,tnt
Torch,torch
Torchflower,torchflower
Torchflower Seeds,torchflower_seeds
Trapped Chest,trapped_chest
Trial Key,
Tripwire Hook,tripwire_hook
Tropical Fish,tropical_fish
Tube Coral,tube_coral
Tube Coral Block,tube_coral_block
Tube Coral Fan,tube_coral_fan
Tuff,tuff
Tuff Brick Slab,tuff_brick_slab
Tuff Brick Stairs,tuff_brick_stairs
Tuff Brick Wall,tuff_brick_wall
Tuff Bricks,tuff_bricks
Tuff Slab,tuff_slab
Tuff Stairs,tuff_stairs
Tuff Wall,tuff_wall
Turtle Egg,turtle_egg
Twisting Vines,twisting_vines
Verdant Froglight,verdant_froglight
Vex Armor Trim,vex_armor_trim_smithing_template
Vines,vine
Ward Armor Trim,ward_armor_trim_smithing_template
Warped Button,warped_button
Warped Door,warped_door
Warped Fence,warped_fence
Warped Fence Gate,warped_fence_gate
Warped Fungus,warped_fungus
Warped Hanging Sign,warped_hanging_sign
Warped Hyphae,warped_hyphae
Warped Nylium,warped_nylium
Warped Planks,warped_planks
Warped Pressure Plate,warped_pressure_plate
Warped Roots,warped_roots
Warped Shelf,warped_shelf
Warped Sign,warped_sign
Warped Slab,warped_slab
Warped Stairs,warped_stairs
Warped Stem,warped_stem
Warped Trapdoor,warped_trapdoor
Warped Wart Block,warped_wart_block
Waxed Chiseled Copper,waxed_chiseled_copper
Waxed Copper Bars,waxed_copper_bars
Waxed Copper Block,waxed_copper_block
Waxed Copper Bulb,waxed_copper_bulb
Waxed Copper Chain,waxed_copper_chain
Waxed Copper Chest,waxed_copper_chest
Waxed Copper Door,waxed_copper_door
Waxed Copper Grate,waxed_copper_grate
Waxed Copper Lantern,waxed_copper_lantern
Waxed Copper Trapdoor,waxed_copper_trapdoor
Waxed Cut Copper,waxed_cut_copper
Waxed Cut Copper Slab,waxed_cut_copper_slab
Waxed Cut Copper Stairs,waxed_cut_copper_stairs
Waxed Exposed Chiseled Copper,waxed_exposed_chiseled_copper
Waxed Exposed Copper,waxed_exposed_copper
Waxed Exposed Copper Bars,waxed_exposed_copper_bars
Waxed Exposed Copper Bulb,waxed_exposed_copper_bulb
Waxed Exposed Copper Chain,waxed_exposed_copper_chain
Waxed Exposed Copper Chest,waxed_exposed_copper_chest
Waxed Exposed Copper Door,waxed_exposed_copper_door
Waxed Exposed Copper Grate,waxed_exposed_copper_grate
Waxed Exposed Copper Lantern,waxed_exposed_copper_lantern
Waxed Exposed Copper Trapdoor,waxed_exposed_copper_trapdoor
Waxed Exposed Cut Copper,waxed_exposed_cut_copper
Waxed Exposed Cut Copper Slab,waxed_exposed_cut_copper_slab
Waxed Exposed Cut Copper Stairs,waxed_exposed_cut_copper_stairs
Waxed Exposed Lightning Rod,waxed_exposed_lightning_rod
Waxed Lightning Rod,waxed_lightning_rod
Waxed Oxidized Chiseled Copper,waxed_oxidized_chiseled_copper
Waxed Oxidized Copper,waxed_oxidized_copper
Waxed Oxidized Copper Bars,waxed_oxidized_copper_bars
Waxed Oxidized Copper Bulb,waxed_oxidized_copper_bulb
Waxed Oxidized Copper Chain,waxed_oxidized_copper_chain
Waxed Oxidized Copper Chest,waxed_oxidized_copper_chest
Waxed Oxidized Copper Door,waxed_oxidized_copper_door
Waxed Oxidized Copper Grate,waxed_oxidized_copper_grate
Waxed Oxidized Copper Lantern,waxed_oxidized_copper_lantern
Waxed Oxidized Copper Trapdoor,waxed_oxidized_copper_trapdoor
Waxed Oxidized Cut Copper,waxed_oxidized_cut_copper
Waxed Oxidized Cut Copper Slab,waxed_oxidized_cut_copper_slab
Waxed Oxidized Cut Copper Stairs,waxed_oxidized_cut_copper_stairs
Waxed Weathered Chiseled Copper,waxed_weathered_chiseled_copper
Waxed Weathered Copper,waxed_weathered_copper
Waxed Weathered Copper Bars,waxed_weathered_copper_bars
Waxed Weathered Copper Bulb,waxed_weathered_copper_bulb
Waxed Weathered Copper Chain,waxed_weathered_copper_chain
Waxed Weathered Copper Chest,waxed_weathered_copper_chest
Waxed Weathered Copper Door,waxed_weathered_copper_door
Waxed Weathered Copper Grate,waxed_weathered_copper_grate
Waxed Weathered Copper Lantern,waxed_weathered_copper_lantern
Waxed Weathered Copper Trapdoor,waxed_weathered_copper_trapdoor
Waxed Weathered Cut Copper,waxed_weathered_cut_copper
Waxed Weathered Cut Copper Slab,waxed_weathered_cut_copper_slab
Waxed Weathered Cut Copper Stairs,waxed_weathered_cut_copper_stairs
Waxed Weathered Lightning Rod,waxed_weathered_lightning_rod
Wayfinder Armor Trim,wayfinder_armor_trim_smithing_template
Weathered Chiseled Copper,weathered_chiseled_copper
Weathered Copper,weathered_copper
Weathered Copper Bars,weathered_copper_bars
Weathered Copper Bulb,weathered_copper_bulb
Weathered Copper Chain,weathered_copper_chain
Weathered Copper Chest,weathered_copper_chest
Weathered Copper Door,weathered_copper_door
Weathered Copper Grate,weathered_copper_grate
Weathered Copper Lantern,weathered_copper_lantern
Weathered Copper Trapdoor,weathered_copper_trapdoor
Weathered Cut Copper,weathered_cut_copper
Weathered Cut Copper Slab,weathered_cut_copper_slab
Weathered Cut Copper Stairs,weathered_cut_copper_stairs
Weathered Lightning Rod,weathered_lightning_rod
Weeping Vines,weeping_vines
Wet Sponge,wet_sponge
Wheat,wheat
Wheat Seeds,wheat_seeds
White Banner,white_banner
White Candle,white_candle
White Carpet,white_carpet
White Concrete,white_concrete
White Concrete Powder,white_concrete_powder
White Dye,white_dye
White Glazed Terracotta,white_glazed_terracotta
White Stained Glass,white_stained_glass
White Stained Glass Pane,white_stained_glass_pane
White Terracotta,white_terracotta
White Tulip,white_tulip
White Wool,white_wool
Wildflowers,wildflowers
Wild Armor Trim,wild_armor_trim_smithing_template
Wind Charge,wind_charge
Wither Rose,wither_rose
Wither Skeleton Skull,wither_skeleton_skull
Written Book,wolf_armor
Yellow Banner,yellow_banner
Yellow Candle,yellow_candle
Yellow Carpet,yellow_carpet
Yellow Concrete,yellow_concrete
Yellow Concrete Powder,yellow_concrete_powder
Yellow Dye,yellow_dye
Yellow Glazed Terracotta,yellow_glazed_terracotta
Yellow Poplar Leaves,yellow_poplar_leaves
Yellow Stained Glass,yellow_stained_glass
Yellow Stained Glass Pane,yellow_stained_glass_pane
Yellow Terracotta,yellow_terracotta
Yellow Wool,yellow_wool
Zombie Head,zombie_head
